<?xml version="1.0" encoding="UTF-8"?>
<root>
  <row>
    <CardNumber>5.41E+15</CardNumber>
    <ExpirationDate>3/20/2030</ExpirationDate>
    <NameOfCardholder>Alice</NameOfCardholder>
  </row>
  <row>
    <CardNumber>4.12E+12</CardNumber>
    <ExpirationDate>4/20/2030</ExpirationDate>
    <NameOfCardholder>Bob</NameOfCardholder>
  </row>
  <row>
    <CardNumber>3.41E+14</CardNumber>
    <ExpirationDate>5/20/2030</ExpirationDate>
    <NameOfCardholder>Eve</NameOfCardholder>
  </row>
  <row>
    <CardNumber>6.01E+15</CardNumber>
    <ExpirationDate>6/20/2030</ExpirationDate>
    <NameOfCardholder>Richard</NameOfCardholder>
  </row>
</root>