<?xml version="1.0" encoding="UTF-8" standalone="no"?>
<root>
  <row>
    <CardNumber>5410000000000000</CardNumber>
    <CardType>MasterCard</CardType>
    <Error>None</Error>
  </row>
  <row>
    <CardNumber>4120000000000</CardNumber>
    <CardType>Visa</CardType>
    <Error>None</Error>
  </row>
  <row>
    <CardNumber>341000000000000</CardNumber>
    <CardType>AmericanExpress</CardType>
    <Error>None</Error>
  </row>
  <row>
    <CardNumber>6010000000000000</CardNumber>
    <CardType>Invalid</CardType>
    <Error>InvalidCardNumber</Error>
  </row>
</root>
